Fund Type,T-stat,P-value
INCOME_AMT,2.3095607869275936,0.03797872542990889
ASSET_AMT,2.7409334286427147,0.01682670490881788
REVENUE_AMT,2.5697958885314,0.023302720031402324
